2	Tucson
3	Mountain View
1	Orange Park
1	Maumee
1	Pittsburgh
1	Seattle
1	Baco
1	Manille
1	Cerritos
1	Atlanta
1	Allen
1	Columbia
1	Nashville
1	Luxembourg
1	North Highlands
1	Marietta
2	Ypsilanti
2	Fairfield
1	Saint Paul
1	Columbia
1	Decatur
2	Osseo
2	Mountain View
1	Minneapolis
5	New York
2	Austin
1	Carrboro
1	Glasgow
1	Goleta
6	Saint Paul
1	Plover
1	Nicosie
4	Chapel Hill
3	Fort Collins
1	Selinsgrove
1	Potomac
2	Indianapolis
1	Leesburg
1	Newburgh
1	Fort Worth
1	Iowa City
1	Érié
5	Saint Paul
9	Minneapolis
1	Trenggalek
1	Luxembourg
1	Indianapolis
1	Bountiful
1	Echternach
1	Cumming
1	Portland
1	Dallas
1	Columbus
2	Chelsea
1	Fort Collins
2	Berwyn
1	Charlottesville and Albemarle Courthouse Historic District
5	Burnsville
1	Palatine Township, Cook County, Illinois
1	Kirkland
1	Edmond
1	Wahl
3	Luxembourg
1	Union
1	Rumelange
1	Coralville
2	Baltimore
3	Charlottesville
1	North Royalton
1	Osseo
2	Washington
1	Valence
1	Reno
1	Amityville
1	Omaha
1	Seguin
1	Luxembourg
2	Fort Collins
1	Tuckahoe
1	Dallas
2	Bellevue
1	Venice
1	Saint-Louis
1	Hermosa Beach
1	Lyaskovets
1	Grantville
3	Saint Paul
2	Saint Paul
1	Mountain View
1	Saint Paul
1	Park Forest
1	Saint-Louis
1	Minneapolis
1	College Station
1	Cypress
1	Chicago
1	Los Gatos
1	Allen
1	Harrisburg
1	Portland
1	Greenville
2	Beverly Hills
1	Salina
1	Radnevo
1	Homer
1	Washington
1	Chicago
1	Washington
5	Washington
1	Németkér
1	DeKalb
1	Pittsburgh
1	Oakland
1	Denver
1	Columbia
1	Newport
1	Ogden
2	Milwaukee
1	Zalaegerszeg
1	Jacksonville Beach
1	Montgomery
1	Chelsea
1	Rambrouch
1	Silver Spring
2	Coeur d'Alene
1	Luxembourg
1	Beaverton
1	Gettysburg
2	Luxembourg
3	Ann Arbor
2	Pierce
1	Chicago
1	Madison
3	Brooklyn
1	Koerich
1	Baton Rouge
1	Raleigh
2	Eden Prairie
1	Lenexa
3	Saint Paul
1	Acme
1	Portland
2	Littleton
1	Madison
3	Saint Paul
1	Littleton
1	Madison
2	Marietta
1	Austin
1	Alexandria
1	Marion
1	Rising Sun
1	Trondheim
1	Philadelphie
2	Grand Rapids
1	Evanston
1	Baltimore
2	Winter Haven
1	Durham
1	Arlington
1	Eugene
1	State College
1	Georgetown
1	Cupertino
1	Durham
1	San José
1	Long Beach
1	Houghton
2	Luxembourg
2	Ridgecrest
4	Saint Paul
1	Plano
8	Minneapolis
1	Lancaster
1	Los Osos
3	Evanston
2	Tallahassee
2	Nyack
1	Delavan
1	Parañaque
1	Tucson
1	Drammen
1	Gainesville
1	Galesburg
1	Minnetonka
2	Brooklyn
1	Florissant
2	Luxembourg
1	Coram
1	Dunafalva
2	Columbus
1	San Antonio
1	St. Leonard
1	Apex
1	West Lafayette
1	Defiance
1	San Diego
1	Chicago
3	Charlottesville
1	Kendall
1	Budapest
2	Fairbanks
1	Vancouver
1	Berkeley
1	Stanardsville
1	Milwaukee
1	Saint-Louis
1	Cleveland
1	Fair Oaks
1	Hyattsville
1	Washington
1	Savannah
2	Evanston
1	Fort Collins
1	Saint Paul
1	Franklin
1	Greenbelt
1	Nashville
1	Salt Lake City
1	San José
1	Phoenix
2	Charlottesville
1	Stearns
1	San Miguel
1	Brandon
1	Houston
1	Bryan
1	East Lansing
1	Elko
1	Mesa
1	San Antonio
1	Eden Prairie
1	Los Angeles
1	Provo
1	Austin
1	Boise
1	Blue Bell
1	Columbus
1	Saint-Louis
1	Crozet
2	Madison
2	New York
7	Minneapolis
1	Poway
1	Santa Cruz
2	Minneapolis
1	Decatur
1	Scottsdale
1	Charlottesville
1	Larnaca
1	Washington
1	Hopkins
2	Dana Point
1	Madison
1	Pittsburgh
1	Richmond
1	Oakland
1	Palmdale
1	Cleveland
1	Berkeley
1	Cicero
1	San Diego
1	Clive
1	State College
1	Seattle
3	Saint-Louis
2	Saint Paul
1	Minneapolis
1	Victoria
1	Ithaca
1	Camden
2	Sunnyvale
1	Oklahoma City
4	Minneapolis
1	Watsonville
1	Baton Rouge
2	Claremont
1	Norman
1	Auckland
1	Highland Park
1	Strassen
1	East Stroudsburg
1	Houston
1	Syracuse
1	San Miguel
1	Fairfax
1	Blacksburg
2	Cedar Falls
1	Philadelphie
1	Luxembourg
1	Luxembourg
1	Pittsburgh
1	Long Island City
1	Grevenmacher
1	Luxembourg
1	Winter Haven
1	Avondale Estates
1	Seminole
1	Bowling Green
1	Bozeman
1	Knoxville
1	Littleton
1	Bellevue
1	Norcross
1	San Francisco
1	San Francisco
1	Beverly Hills
1	Peebles
1	Macomb
2	Salem
1	Ironwood
3	Saint Paul
1	Wrightsville Beach
1	Ypsilanti
1	Genoa
1	Rancho Santa Margarita
1	Seattle
2	New York
2	Issaquah
1	Oberlin
1	Gilbert
1	Santa Fe
2	Marikina
4	Washington
1	Shell Rock
1	Chattanooga
1	San Diego
1	Ruen
1	Spokane
2	Saint Paul
1	Austin
1	New York
1	Bethlehem
1	Winterville
1	Seattle
1	Saint Paul
1	Emeryville
1	Montreux
1	Dallas
2	Cincinnati
4	New York
1	Columbus
1	Chattanooga
1	Montgomery
2	Boise
1	Phoenix
1	Provo
1	Missoula
1	Nampa
1	Honolulu
1	Wickliffe
1	Livermore
3	Chapel Hill
1	Rolling Meadows
1	Redlands
1	San Antonio
1	Salt Lake City
1	San José
1	Chiny
1	Saint Paul
2	New York
1	Santa Barbara
1	Steinakirchen am Forst
2	Mackinaw
1	Bellingham
1	Menlo Park
1	Wooster
1	Pittsburgh
2	San Antonio
2	Memphis
1	Tucson
2	Costa Mesa
2	Ann Arbor
1	Baltimore
1	Columbus
1	Luxembourg
2	Saint Paul
1	Fairfield
1	Burbank
2	Minneapolis
1	Marshall
1	Pasig
1	Scottsdale
6	Minneapolis
1	Columbia
1	Seattle
1	Dana Point
1	Des Moines
1	Brooklyn
1	Elk Grove Village
1	Manchester
3	Washington
1	Columbus
1	Bethesda
1	Southfield
1	Chisago City
2	Tempe
1	Fort Lauderdale
1	Milwaukee
1	Laguna Hills
1	Evanston
2	Saint Paul
3	New York
1	Faribault
1	Massapequa
1	Lapeer
1	Corvallis
1	Boise
1	Auburn
1	Columbia
2	Chicago
1	Seattle
1	Burgos
1	San Ramon
1	Pavia
1	Long Beach
2	Glendale
1	Luxembourg
1	Georgetown
2	New York
1	Missouri City
1	Los Alamos
1	Berkeley
1	Fresno
1	Dallas
1	Bolingbrook
1	Luxembourg
1	New York
3	Minneapolis
1	Lenoir City
1	Columbus
1	Pikesville
1	Sacramento
1	Santa Barbara
1	San Diego
1	Cincinnati
2	Madison
2	Oakland
1	Wheeling Township
1	Jenison
1	Limassol
5	Minneapolis
4	Minneapolis
1	Carrollton
1	Stanford
2	New York
1	Locust Hill
2	Chapel Hill
1	San Diego
1	Lusby
1	Yinnar
1	Lake Waccamaw
1	West Chester
1	New York
1	Maple Valley
1	Baltimore
1	Elkins
1	Laurel
1	Grand Rapids
1	New York
3	Minneapolis
1	Fairbanks
1	Clearwater
1	Town of Poughkeepsie
2	Luxembourg
1	Minneapolis
1	Luxembourg
1	Newark
1	Hillsboro
1	Troy
2	Saint Paul
2	Stow
1	Mountain View
1	Eugene
1	Santa Ana
1	Luxembourg
1	Brinkworth
1	Boulder
1	Snellville
2	Charlottesville
1	Boulder
1	Glendale
1	Brigham City
1	Downers Grove
1	San José
1	Mount Pleasant
1	Thal
2	Charlottesville
1	Pittsford
1	Lakeport
4	Minneapolis
3	Carbondale
2	Carbondale
1	Richmond
2	Brooklyn
1	Saint-Louis
1	New York
3	New York
1	Arlington Heights
1	Gaithersburg
1	Casselberry
1	Vallejo
1	Minneapolis
2	Rochester
2	New York
1	Luxembourg
1	Alpine
1	Rochester
1	Luxembourg
1	Washington
1	Lansing
1	Waukesha
1	Carmel
1	Point Roberts
2	College Station
1	Ann Arbor
1	Orwigsburg
1	San Francisco
1	Ventura
1	Clemson
1	Cary
1	Olympia
3	Buffalo
1	Simi Valley
2	Los Angeles
1	Powell
1	San Diego
1	Ashland
1	Pierce
1	Columbus
1	Houston
1	Salt Lake City
1	Columbus
1	Schwechat
1	Wasilla
1	New Port Richey
1	Lafayette
1	Smithtown
1	St. Petersburg
1	Bridgeton
1	Luxembourg
1	New York
1	Saint Paul
1	Halethorpe
1	Houston
1	Perryton
1	Seneca
1	Denver
1	Durham
1	Cedar Falls
1	Brooklyn
2	Brunswick
1	Cleveland
1	Rangely
1	Berwyn
1	Ithaca
1	Wheaton
1	Marietta
1	Laurel
1	Wilmington
1	Strassen
2	Palo Alto
1	Stow
3	Minneapolis
1	Saltillo
2	Minneapolis
3	Minneapolis
1	Richmond
1	Mount Clemens
1	Tulsa
1	Luxembourg
1	Clifton Park
1	Chicago
1	Arcata
1	Saint Paul
1	Fredericktown
1	Milwaukee
1	Sioux Center
1	Ada
1	Canyon Country
1	Coeur d'Alene
1	Currimao
1	Charlottesville
1	Saint Paul
1	Austin
1	Chicago
1	Staten Island
2	Austin
1	Costa Mesa
1	Spring
1	Seattle
1	Philadelphie
1	Exton
1	San Francisco
1	Minneapolis
3	Champaign
1	Frederiksberg
1	New York
2	Washington
2	Crofton
1	Los Angeles
1	Charlottesville
4	Burnsville
1	Asheville
1	Apopka
1	Sitka
1	Monmouth
1	Green Bay
1	Santa Monica
1	Portland
1	Saint Paul
1	Norfolk
2	Minneapolis
2	Minneapolis
1	Morgantown
1	Durham
1	Thornton
1	Dayton
1	Saint Charles
2	Buffalo Grove
1	Mesa
1	Kirchberg in Tirol
1	Memphis
2	Houston
1	Florø
1	#CONNEXION!
1	Wichita Falls
1	Avon
1	Las Vegas
1	Grand Rapids
1	Pasadena
1	Wisconsin Rapids
1	Minneapolis
1	Philadelphie
1	Steinwiesen
1	El Cajon
1	Pittsburgh
1	Oshkosh
1	Untervaz
1	Hopkins
2	Glendale
1	Kansas City
1	Érié
1	Brooklyn
1	Hanover
1	San Mateo
1	Claremont
1	Loveland
1	Austin
1	Palo Alto
1	New York Mills
1	Daytona Beach
1	Hammond
1	Tacoma
1	Chicago
2	Saint-Louis
1	Tucson
1	Oakland
2	Woodinville
1	Santa Rosa
1	Oklahoma City
1	Saint-Louis
1	Columbia
1	Newport Beach
1	Laurel
1	Saint Paul
1	Langhorne
1	Clovis
1	Berkeley
1	Colorado Springs
1	Tallahassee
1	Los Angeles
1	Baltimore
1	Glendale
1	Carbondale
1	Beaverton
1	Gardena
1	Saint Paul
1	Madison
1	Lincoln
1	Buffalo
1	Salem
1	Santa Clara
1	Ernstbrunn
1	Pompano Beach
1	Nyack
1	Saratoga Springs
1	Hardbakke
2	Buffalo
1	Pittsburgh
1	Winston-Salem
1	Minneapolis
1	Louisville
1	Los Angeles
1	Kinna
1	Marikina
1	Morong
1	Newark
1	East Lansing
1	Gijón
1	Houston
1	Chesapeake
1	Goldendale
1	Minneapolis
1	Colorado Springs
1	Washington
1	Albany
1	Tempe
1	Sioux Falls
1	Uster
1	Clearwater
1	Decatur
1	Kansas City
1	Newark
3	Burnsville
1	San Diego
1	Naples
1	San Antonio
2	Champaign
1	Washington
1	Brooklyn
1	Ridgecrest
1	Los Angeles
1	Avera
2	Fort Collins
1	Edmond
1	Laa an der Thaya
1	Schenectady
1	Asheville
1	Marengo
1	Chapel Hill
1	Louisville
1	Dandridge
1	College Station
1	Kenosha
1	Urbandale
1	Bridgeville
1	Stolat
1	Houston
1	Denver
1	Tempe
1	Denver
1	Oconomowoc
1	Clearwater
1	Houston
1	Los Angeles
1	Kansas City
1	Roslyn Heights
1	New York
1	Minneapolis
1	Luxembourg
1	Long Beach
1	Minneapolis
1	Bloomington
1	Brunswick
1	Orangevale
1	Eugene
1	Jeffersonville
1	Minneapolis
1	Luxembourg
1	Logan
1	Taft
1	Greenwood
1	Sunnyvale
1	Lexington
2	Minneapolis
1	Sanem
1	Wincrange
1	Echternach
1	West Bloomfield Township
1	Lake View
1	Oneonta
1	Buffalo Grove
1	Ballwin
1	Brooklyn
1	Oak Park
1	Riverside
1	Anoka
1	New York
1	Columbia
1	Massillon
1	Stillwater
1	Clearwater
1	Nashville
1	Huntsville
1	Silver Spring
1	Pasadena
1	Issaquah
2	Burnsville
1	Boise
1	Dublin
1	West Des Moines
1	Burnsville
1	Denair
1	Champaign
1	Gibsonville
1	Hummelstown
1	Austin
1	Salem
1	Somerton
1	Cincinnati
1	Sacramento
1	Stillwater
1	Tallahassee
1	Burbank
1	Delray Beach
1	Mackinaw
1	Saint Paul
1	Scranton
1	Portland
1	Rockville
1	Roscoe
1	Atlanta
1	La Nouvelle-Orléans
1	Fort Collins
1	Lincoln
1	Kenosha
1	Spartanburg
1	Milwaukee
1	#CONNEXION!
1	Denton
1	Panabo
1	Chicago
1	Washington
1	La Nouvelle-Orléans
1	Buffalo
1	Los Angeles
1	Wenatchee
1	Crofton
1	Jericho
1	Coldwater
1	Parañaque
1	Minneapolis
1	Minneapolis
1	Madison
1	Steinsel
1	Odessa
1	Echternach
1	Ann Arbor
1	Charlottesville
1	Overland Park
1	Winter Park
1	Woodinville
1	Hugo
1	Fort Lauderdale
1	Luxembourg
1	Portland
1	San Antonio
1	College Station